{"cameraMode":{"drawMode":0,"name":"Shaded","section":"Shading Mode"},"sceneLighting":true,"audioPlay":false,"sceneViewState":{"showFog":true,"showMaterialUpdate":false,"showSkybox":false,"showFlares":true,"showImageEffects":true,"showParticleSystems":true},"in2DMode":false,"pivot":{"x":-0.1459084153175354,"y":-0.28549471497535708,"z":-0.1607246845960617},"rotation":{"x":-0.17886483669281007,"y":0.821170449256897,"z":-0.3858616352081299,"w":-0.3809813857078552},"size":0.6928203105926514,"orthographic":false}