{"cameraMode":{"drawMode":0,"name":"Shaded","section":"Shading Mode"},"sceneLighting":false,"audioPlay":false,"sceneViewState":{"showFog":true,"showMaterialUpdate":false,"showSkybox":false,"showFlares":true,"showImageEffects":true,"showParticleSystems":true},"in2DMode":false,"pivot":{"x":-0.2954775094985962,"y":-0.5495257377624512,"z":1.7229892015457154},"rotation":{"x":-0.20117957890033723,"y":-0.4602924585342407,"z":0.10752524435520172,"w":-0.8580913543701172},"size":2.370021343231201,"orthographic":false}