{"cameraMode":{"drawMode":0,"name":"Shaded","section":"Shading Mode"},"sceneLighting":false,"audioPlay":false,"sceneViewState":{"showFog":true,"showMaterialUpdate":false,"showSkybox":false,"showFlares":true,"showImageEffects":true,"showParticleSystems":true},"in2DMode":false,"pivot":{"x":-1.4533665180206299,"y":1.3411109447479249,"z":0.9659757018089294},"rotation":{"x":-0.09218931943178177,"y":0.8085770606994629,"z":-0.13164909183979035,"w":-0.5660865902900696},"size":0.5113686323165894,"orthographic":false}