{"cameraMode":{"drawMode":0,"name":"Shaded","section":"Shading Mode"},"sceneLighting":false,"audioPlay":false,"sceneViewState":{"showFog":true,"showMaterialUpdate":false,"showSkybox":false,"showFlares":true,"showImageEffects":true,"showParticleSystems":true},"in2DMode":false,"pivot":{"x":-2.2295382022857668,"y":-0.7075222730636597,"z":3.490020751953125},"rotation":{"x":0.16405795514583589,"y":0.8355506062507629,"z":-0.3561384975910187,"w":0.3849228322505951},"size":3.2371556758880617,"orthographic":false}