{"cameraMode":{"drawMode":0,"name":"Shaded","section":"Shading Mode"},"sceneLighting":false,"audioPlay":false,"sceneViewState":{"showFog":true,"showMaterialUpdate":false,"showSkybox":false,"showFlares":true,"showImageEffects":true,"showParticleSystems":true},"in2DMode":false,"pivot":{"x":0.0,"y":0.8676450252532959,"z":-0.06539925932884217},"rotation":{"x":-0.3734804093837738,"y":-0.6061534285545349,"z":0.3853397071361542,"w":-0.5871077179908752},"size":1.4383883476257325,"orthographic":false}