{"cameraMode":{"drawMode":0,"name":"Shaded","section":"Shading Mode"},"sceneLighting":false,"audioPlay":false,"sceneViewState":{"showFog":true,"showMaterialUpdate":true,"showSkybox":true,"showFlares":true,"showImageEffects":true,"showParticleSystems":true},"in2DMode":false,"pivot":{"x":-0.3748307228088379,"y":0.48324155807495119,"z":-1.7095823287963868},"rotation":{"x":0.018309561535716058,"y":0.9811416864395142,"z":-0.11349755525588989,"w":0.15580831468105317},"size":7.439512252807617,"orthographic":false}