{"cameraMode":{"drawMode":0,"name":"Shaded","section":"Shading Mode"},"sceneLighting":false,"audioPlay":false,"sceneViewState":{"showFog":true,"showMaterialUpdate":false,"showSkybox":false,"showFlares":true,"showImageEffects":true,"showParticleSystems":true},"in2DMode":false,"pivot":{"x":-8.5,"y":0.1469999998807907,"z":-7.624449729919434},"rotation":{"x":0.041785240173339847,"y":0.9515412449836731,"z":-0.2664169371128082,"w":0.14879584312438966},"size":0.7071069478988648,"orthographic":false}