{"cameraMode":{"drawMode":0,"name":"Shaded","section":"Shading Mode"},"sceneLighting":false,"audioPlay":false,"sceneViewState":{"showFog":true,"showMaterialUpdate":false,"showSkybox":false,"showFlares":true,"showImageEffects":true,"showParticleSystems":true},"in2DMode":false,"pivot":{"x":0.08424201607704163,"y":-0.19882193207740785,"z":0.24887670576572419},"rotation":{"x":0.34916114807128909,"y":0.3674457371234894,"z":-0.1511768251657486,"w":0.8486814498901367},"size":0.6928203105926514,"orthographic":false}