{"cameraMode":{"drawMode":0,"name":"Shaded","section":"Shading Mode"},"sceneLighting":false,"audioPlay":false,"sceneViewState":{"showFog":true,"showMaterialUpdate":false,"showSkybox":false,"showFlares":true,"showImageEffects":true,"showParticleSystems":true},"in2DMode":false,"pivot":{"x":7.152557373046875e-7,"y":0.9649467468261719,"z":-0.046845801174640658},"rotation":{"x":0.42767030000686648,"y":-0.5721018314361572,"z":0.5042981505393982,"w":0.4853552281856537},"size":1.5074437856674195,"orthographic":false}